<?xml version="1.0" encoding="utf-8" ?>
<dwsync>
<file name="Arroba.eot" server="//heracles/UnidadVirtual/test/CTS/" local="131872956022785816" remote="131872956020000000" Dst="0" />
<file name="Arroba.svg" server="//heracles/UnidadVirtual/test/CTS/" local="131872956022942470" remote="131872956020000000" Dst="0" />
<file name="Arroba.ttf" server="//heracles/UnidadVirtual/test/CTS/" local="131872956023098302" remote="131872956020000000" Dst="0" />
<file name="Arroba.woff" server="//heracles/UnidadVirtual/test/CTS/" local="131872956023410784" remote="131872956020000000" Dst="0" />
<file name="glyphicons-halflings-regular.eot" server="//heracles/UnidadVirtual/test/CTS/" local="131872956088410903" remote="131872956080000000" Dst="0" />
<file name="glyphicons-halflings-regular.svg" server="//heracles/UnidadVirtual/test/CTS/" local="131872956091848425" remote="131872956090000000" Dst="0" />
<file name="glyphicons-halflings-regular.ttf" server="//heracles/UnidadVirtual/test/CTS/" local="131872956092004638" remote="131872956090000000" Dst="0" />
<file name="glyphicons-halflings-regular.woff" server="//heracles/UnidadVirtual/test/CTS/" local="131872956092160862" remote="131872956090000000" Dst="0" />
<file name="glyphicons-halflings-regular.woff2" server="//heracles/UnidadVirtual/test/CTS/" local="131872956092473425" remote="131872956090000000" Dst="0" />
<file name="Gotham-Book.otf" server="//heracles/UnidadVirtual/test/CTS/" local="131872956023567093" remote="131872956020000000" Dst="0" />
<file name="Gotham-Light.otf" server="//heracles/UnidadVirtual/test/CTS/" local="131872956023723249" remote="131872956020000000" Dst="0" />
<file name="Gotham-Medium.otf" server="//heracles/UnidadVirtual/test/CTS/" local="131872956024035753" remote="131872956020000000" Dst="0" />
<file name="Gotham-MediumItalic.otf" server="//heracles/UnidadVirtual/test/CTS/" local="131872956024192072" remote="131872956020000000" Dst="0" />
<file name="Gotham-Ultra.otf" server="//heracles/UnidadVirtual/test/CTS/" local="131872956024504526" remote="131872956020000000" Dst="0" />
<file name="kalam-v8-latin-300.woff" server="//heracles/UnidadVirtual/test/CTS/" local="131872956092629649" remote="131872956090000000" Dst="0" />
<file name="kalam-v8-latin-300.woff2" server="//heracles/UnidadVirtual/test/CTS/" local="131872956092785947" remote="131872956090000000" Dst="0" />
<file name="kalam-v8-latin-700.woff" server="//heracles/UnidadVirtual/test/CTS/" local="131872956093098606" remote="131872956090000000" Dst="0" />
<file name="kalam-v8-latin-700.woff2" server="//heracles/UnidadVirtual/test/CTS/" local="131872956093254805" remote="131872956090000000" Dst="0" />
<file name="Roboto-Black.eot" server="//heracles/UnidadVirtual/test/CTS/" local="131872956024973303" remote="131872956020000000" Dst="0" />
<file name="Roboto-Black.svg" server="//heracles/UnidadVirtual/test/CTS/" local="131872956026067037" remote="131872956020000000" Dst="0" />
<file name="Roboto-Black.ttf" server="//heracles/UnidadVirtual/test/CTS/" local="131872956026535881" remote="131872956020000000" Dst="0" />
<file name="Roboto-Black.woff" server="//heracles/UnidadVirtual/test/CTS/" local="131872956026848385" remote="131872956020000000" Dst="0" />
<file name="Roboto-Black.woff2" server="//heracles/UnidadVirtual/test/CTS/" local="131872956027161040" remote="131872956020000000" Dst="0" />
<file name="Roboto-BlackItalic.eot" server="//heracles/UnidadVirtual/test/CTS/" local="131872956027785959" remote="131872956020000000" Dst="0" />
<file name="Roboto-BlackItalic.svg" server="//heracles/UnidadVirtual/test/CTS/" local="131872956029817427" remote="131872956020000000" Dst="0" />
<file name="Roboto-BlackItalic.ttf" server="//heracles/UnidadVirtual/test/CTS/" local="131872956030285858" remote="131872956030000000" Dst="0" />
<file name="Roboto-BlackItalic.woff" server="//heracles/UnidadVirtual/test/CTS/" local="131872956030754588" remote="131872956030000000" Dst="0" />
<file name="Roboto-BlackItalic.woff2" server="//heracles/UnidadVirtual/test/CTS/" local="131872956031067159" remote="131872956030000000" Dst="0" />
<file name="Roboto-Bold.eot" server="//heracles/UnidadVirtual/test/CTS/" local="131872956031692131" remote="131872956030000000" Dst="0" />
<file name="Roboto-Bold.svg" server="//heracles/UnidadVirtual/test/CTS/" local="131872956033098415" remote="131872956030000000" Dst="0" />
<file name="Roboto-Bold.ttf" server="//heracles/UnidadVirtual/test/CTS/" local="131872956033723528" remote="131872956030000000" Dst="0" />
<file name="Roboto-Bold.woff" server="//heracles/UnidadVirtual/test/CTS/" local="131872956034035937" remote="131872956030000000" Dst="0" />
<file name="Roboto-Bold.woff2" server="//heracles/UnidadVirtual/test/CTS/" local="131872956034504540" remote="131872956030000000" Dst="0" />
<file name="Roboto-BoldItalic.eot" server="//heracles/UnidadVirtual/test/CTS/" local="131872956038098399" remote="131872956030000000" Dst="0" />
<file name="Roboto-BoldItalic.svg" server="//heracles/UnidadVirtual/test/CTS/" local="131872956042473492" remote="131872956040000000" Dst="0" />
<file name="Roboto-BoldItalic.ttf" server="//heracles/UnidadVirtual/test/CTS/" local="131872956042943667" remote="131872956040000000" Dst="0" />
<file name="Roboto-BoldItalic.woff" server="//heracles/UnidadVirtual/test/CTS/" local="131872956043256178" remote="131872956040000000" Dst="0" />
<file name="Roboto-BoldItalic.woff2" server="//heracles/UnidadVirtual/test/CTS/" local="131872956043723525" remote="131872956040000000" Dst="0" />
<file name="Roboto-Italic.eot" server="//heracles/UnidadVirtual/test/CTS/" local="131872956044192181" remote="131872956040000000" Dst="0" />
<file name="Roboto-Italic.svg" server="//heracles/UnidadVirtual/test/CTS/" local="131872956045442104" remote="131872956040000000" Dst="0" />
<file name="Roboto-Italic.ttf" server="//heracles/UnidadVirtual/test/CTS/" local="131872956049036019" remote="131872956040000000" Dst="0" />
<file name="Roboto-Italic.woff" server="//heracles/UnidadVirtual/test/CTS/" local="131872956049348544" remote="131872956040000000" Dst="0" />
<file name="Roboto-Italic.woff2" server="//heracles/UnidadVirtual/test/CTS/" local="131872956049817240" remote="131872956040000000" Dst="0" />
<file name="Roboto-Light-webfont.eot" server="//heracles/UnidadVirtual/test/CTS/" local="131872956049973629" remote="131872956040000000" Dst="0" />
<file name="Roboto-Light-webfont.svg" server="//heracles/UnidadVirtual/test/CTS/" local="131872956050285829" remote="131872956050000000" Dst="0" />
<file name="Roboto-Light-webfont.ttf" server="//heracles/UnidadVirtual/test/CTS/" local="131872956050442236" remote="131872956050000000" Dst="0" />
<file name="Roboto-Light-webfont.woff" server="//heracles/UnidadVirtual/test/CTS/" local="131872956050754726" remote="131872956050000000" Dst="0" />
<file name="Roboto-Light.eot" server="//heracles/UnidadVirtual/test/CTS/" local="131872956051223711" remote="131872956050000000" Dst="0" />
<file name="Roboto-Light.svg" server="//heracles/UnidadVirtual/test/CTS/" local="131872956052318088" remote="131872956050000000" Dst="0" />
<file name="Roboto-Light.ttf" server="//heracles/UnidadVirtual/test/CTS/" local="131872956052942121" remote="131872956050000000" Dst="0" />
<file name="Roboto-Light.woff" server="//heracles/UnidadVirtual/test/CTS/" local="131872956053254808" remote="131872956050000000" Dst="0" />
<file name="Roboto-Light.woff2" server="//heracles/UnidadVirtual/test/CTS/" local="131872956053723493" remote="131872956050000000" Dst="0" />
<file name="Roboto-LightItalic.eot" server="//heracles/UnidadVirtual/test/CTS/" local="131872956054348440" remote="131872956050000000" Dst="0" />
<file name="Roboto-LightItalic.svg" server="//heracles/UnidadVirtual/test/CTS/" local="131872956055911078" remote="131872956050000000" Dst="0" />
<file name="Roboto-LightItalic.ttf" server="//heracles/UnidadVirtual/test/CTS/" local="131872956056535934" remote="131872956050000000" Dst="0" />
<file name="Roboto-LightItalic.woff" server="//heracles/UnidadVirtual/test/CTS/" local="131872956057004696" remote="131872956050000000" Dst="0" />
<file name="Roboto-LightItalic.woff2" server="//heracles/UnidadVirtual/test/CTS/" local="131872956057317984" remote="131872956050000000" Dst="0" />
<file name="Roboto-Medium.eot" server="//heracles/UnidadVirtual/test/CTS/" local="131872956057942200" remote="131872956050000000" Dst="0" />
<file name="Roboto-Medium.svg" server="//heracles/UnidadVirtual/test/CTS/" local="131872956059660840" remote="131872956050000000" Dst="0" />
<file name="Roboto-Medium.ttf" server="//heracles/UnidadVirtual/test/CTS/" local="131872956060129715" remote="131872956060000000" Dst="0" />
<file name="Roboto-Medium.woff" server="//heracles/UnidadVirtual/test/CTS/" local="131872956060598365" remote="131872956060000000" Dst="0" />
<file name="Roboto-Medium.woff2" server="//heracles/UnidadVirtual/test/CTS/" local="131872956061067360" remote="131872956060000000" Dst="0" />
<file name="Roboto-MediumItalic.eot" server="//heracles/UnidadVirtual/test/CTS/" local="131872956061692230" remote="131872956060000000" Dst="0" />
<file name="Roboto-MediumItalic.svg" server="//heracles/UnidadVirtual/test/CTS/" local="131872956066380272" remote="131872956060000000" Dst="0" />
<file name="Roboto-MediumItalic.ttf" server="//heracles/UnidadVirtual/test/CTS/" local="131872956067161047" remote="131872956060000000" Dst="0" />
<file name="Roboto-MediumItalic.woff" server="//heracles/UnidadVirtual/test/CTS/" local="131872956067629983" remote="131872956060000000" Dst="0" />
<file name="Roboto-MediumItalic.woff2" server="//heracles/UnidadVirtual/test/CTS/" local="131872956067942257" remote="131872956060000000" Dst="0" />
<file name="Roboto-Regular.eot" server="//heracles/UnidadVirtual/test/CTS/" local="131872956068567356" remote="131872956060000000" Dst="0" />
<file name="Roboto-Regular.svg" server="//heracles/UnidadVirtual/test/CTS/" local="131872956070130022" remote="131872956070000000" Dst="0" />
<file name="Roboto-Regular.ttf" server="//heracles/UnidadVirtual/test/CTS/" local="131872956073879759" remote="131872956070000000" Dst="0" />
<file name="Roboto-Regular.woff" server="//heracles/UnidadVirtual/test/CTS/" local="131872956074348493" remote="131872956070000000" Dst="0" />
<file name="Roboto-Regular.woff2" server="//heracles/UnidadVirtual/test/CTS/" local="131872956074660979" remote="131872956070000000" Dst="0" />
<file name="Roboto-Thin.eot" server="//heracles/UnidadVirtual/test/CTS/" local="131872956075286184" remote="131872956070000000" Dst="0" />
<file name="Roboto-Thin.svg" server="//heracles/UnidadVirtual/test/CTS/" local="131872956076848402" remote="131872956070000000" Dst="0" />
<file name="Roboto-Thin.ttf" server="//heracles/UnidadVirtual/test/CTS/" local="131872956077473558" remote="131872956070000000" Dst="0" />
<file name="Roboto-Thin.woff" server="//heracles/UnidadVirtual/test/CTS/" local="131872956077942253" remote="131872956070000000" Dst="0" />
<file name="Roboto-Thin.woff2" server="//heracles/UnidadVirtual/test/CTS/" local="131872956078254746" remote="131872956070000000" Dst="0" />
<file name="Roboto-ThinItalic.eot" server="//heracles/UnidadVirtual/test/CTS/" local="131872956078879722" remote="131872956070000000" Dst="0" />
<file name="Roboto-ThinItalic.svg" server="//heracles/UnidadVirtual/test/CTS/" local="131872956080598471" remote="131872956080000000" Dst="0" />
<file name="Roboto-ThinItalic.ttf" server="//heracles/UnidadVirtual/test/CTS/" local="131872956081223386" remote="131872956080000000" Dst="0" />
<file name="Roboto-ThinItalic.woff" server="//heracles/UnidadVirtual/test/CTS/" local="131872956087785888" remote="131872956080000000" Dst="0" />
<file name="Roboto-ThinItalic.woff2" server="//heracles/UnidadVirtual/test/CTS/" local="131872956088254739" remote="131872956080000000" Dst="0" />
<file name="glyphicons-halflings-regular.eot" server="Y:/Farney/fundamentacion-ambiental/" local="131872956100000000" remote="131872956100000000" Dst="0" />
<file name="glyphicons-halflings-regular.woff2" server="Y:/Farney/fundamentacion-ambiental/" local="131872956100000000" remote="131872956100000000" Dst="0" />
<file name="glyphicons-halflings-regular.woff" server="Y:/Farney/fundamentacion-ambiental/" local="131872956100000000" remote="131872956100000000" Dst="0" />
<file name="glyphicons-halflings-regular.ttf" server="Y:/Farney/fundamentacion-ambiental/" local="131872956100000000" remote="131872956100000000" Dst="0" />
<file name="kalam-v8-latin-300.woff2" server="Y:/Farney/fundamentacion-ambiental/" local="131872956100000000" remote="131872956100000000" Dst="0" />
<file name="kalam-v8-latin-300.woff" server="Y:/Farney/fundamentacion-ambiental/" local="131872956100000000" remote="131872956100000000" Dst="0" />
<file name="kalam-v8-latin-700.woff2" server="Y:/Farney/fundamentacion-ambiental/" local="131872956100000000" remote="131872956100000000" Dst="0" />
<file name="kalam-v8-latin-700.woff" server="Y:/Farney/fundamentacion-ambiental/" local="131872956100000000" remote="131872956100000000" Dst="0" />
<file name="Roboto-Thin.eot" server="Y:/Farney/fundamentacion-ambiental/" local="131872956080000000" remote="131872956080000000" Dst="0" />
<file name="Roboto-Thin.woff2" server="Y:/Farney/fundamentacion-ambiental/" local="131872956080000000" remote="131872956080000000" Dst="0" />
<file name="Roboto-Thin.woff" server="Y:/Farney/fundamentacion-ambiental/" local="131872956080000000" remote="131872956080000000" Dst="0" />
<file name="Roboto-Thin.ttf" server="Y:/Farney/fundamentacion-ambiental/" local="131872956080000000" remote="131872956080000000" Dst="0" />
<file name="Roboto-ThinItalic.eot" server="Y:/Farney/fundamentacion-ambiental/" local="131872956080000000" remote="131872956080000000" Dst="0" />
<file name="Roboto-ThinItalic.woff2" server="Y:/Farney/fundamentacion-ambiental/" local="131872956100000000" remote="131872956100000000" Dst="0" />
<file name="Roboto-ThinItalic.woff" server="Y:/Farney/fundamentacion-ambiental/" local="131872956100000000" remote="131872956100000000" Dst="0" />
<file name="Roboto-ThinItalic.ttf" server="Y:/Farney/fundamentacion-ambiental/" local="131872956100000000" remote="131872956100000000" Dst="0" />
<file name="Roboto-Black.eot" server="Y:/Farney/fundamentacion-ambiental/" local="131872956040000000" remote="131872956040000000" Dst="0" />
<file name="Roboto-Black.woff2" server="Y:/Farney/fundamentacion-ambiental/" local="131872956040000000" remote="131872956040000000" Dst="0" />
<file name="Roboto-Black.woff" server="Y:/Farney/fundamentacion-ambiental/" local="131872956040000000" remote="131872956040000000" Dst="0" />
<file name="Roboto-Black.ttf" server="Y:/Farney/fundamentacion-ambiental/" local="131872956040000000" remote="131872956040000000" Dst="0" />
<file name="Roboto-Light.eot" server="Y:/Farney/fundamentacion-ambiental/" local="131872956060000000" remote="131872956060000000" Dst="0" />
<file name="Roboto-Light.woff2" server="Y:/Farney/fundamentacion-ambiental/" local="131872956060000000" remote="131872956060000000" Dst="0" />
<file name="Roboto-Light.woff" server="Y:/Farney/fundamentacion-ambiental/" local="131872956060000000" remote="131872956060000000" Dst="0" />
<file name="Roboto-Light.ttf" server="Y:/Farney/fundamentacion-ambiental/" local="131872956060000000" remote="131872956060000000" Dst="0" />
<file name="Roboto-Italic.eot" server="Y:/Farney/fundamentacion-ambiental/" local="131872956060000000" remote="131872956060000000" Dst="0" />
<file name="Roboto-Italic.woff2" server="Y:/Farney/fundamentacion-ambiental/" local="131872956060000000" remote="131872956060000000" Dst="0" />
<file name="Roboto-Italic.woff" server="Y:/Farney/fundamentacion-ambiental/" local="131872956060000000" remote="131872956060000000" Dst="0" />
<file name="Roboto-Italic.ttf" server="Y:/Farney/fundamentacion-ambiental/" local="131872956060000000" remote="131872956060000000" Dst="0" />
<file name="Roboto-BoldItalic.eot" server="Y:/Farney/fundamentacion-ambiental/" local="131872956040000000" remote="131872956040000000" Dst="0" />
<file name="Roboto-BoldItalic.woff2" server="Y:/Farney/fundamentacion-ambiental/" local="131872956060000000" remote="131872956060000000" Dst="0" />
<file name="Roboto-BoldItalic.woff" server="Y:/Farney/fundamentacion-ambiental/" local="131872956060000000" remote="131872956060000000" Dst="0" />
<file name="Roboto-BoldItalic.ttf" server="Y:/Farney/fundamentacion-ambiental/" local="131872956060000000" remote="131872956060000000" Dst="0" />
<file name="Roboto-Medium.eot" server="Y:/Farney/fundamentacion-ambiental/" local="131872956060000000" remote="131872956060000000" Dst="0" />
<file name="Roboto-Medium.woff2" server="Y:/Farney/fundamentacion-ambiental/" local="131872956080000000" remote="131872956080000000" Dst="0" />
<file name="Roboto-Medium.woff" server="Y:/Farney/fundamentacion-ambiental/" local="131872956080000000" remote="131872956080000000" Dst="0" />
<file name="Roboto-Medium.ttf" server="Y:/Farney/fundamentacion-ambiental/" local="131872956080000000" remote="131872956080000000" Dst="0" />
<file name="Roboto-Regular.eot" server="Y:/Farney/fundamentacion-ambiental/" local="131872956080000000" remote="131872956080000000" Dst="0" />
<file name="Roboto-Regular.woff2" server="Y:/Farney/fundamentacion-ambiental/" local="131872956080000000" remote="131872956080000000" Dst="0" />
<file name="Roboto-Regular.woff" server="Y:/Farney/fundamentacion-ambiental/" local="131872956080000000" remote="131872956080000000" Dst="0" />
<file name="Roboto-Regular.ttf" server="Y:/Farney/fundamentacion-ambiental/" local="131872956080000000" remote="131872956080000000" Dst="0" />
<file name="Roboto-BlackItalic.eot" server="Y:/Farney/fundamentacion-ambiental/" local="131872956040000000" remote="131872956040000000" Dst="0" />
<file name="Roboto-BlackItalic.woff2" server="Y:/Farney/fundamentacion-ambiental/" local="131872956040000000" remote="131872956040000000" Dst="0" />
<file name="Roboto-BlackItalic.woff" server="Y:/Farney/fundamentacion-ambiental/" local="131872956040000000" remote="131872956040000000" Dst="0" />
<file name="Roboto-BlackItalic.ttf" server="Y:/Farney/fundamentacion-ambiental/" local="131872956040000000" remote="131872956040000000" Dst="0" />
<file name="Roboto-LightItalic.eot" server="Y:/Farney/fundamentacion-ambiental/" local="131872956060000000" remote="131872956060000000" Dst="0" />
<file name="Roboto-LightItalic.woff2" server="Y:/Farney/fundamentacion-ambiental/" local="131872956060000000" remote="131872956060000000" Dst="0" />
<file name="Roboto-LightItalic.woff" server="Y:/Farney/fundamentacion-ambiental/" local="131872956060000000" remote="131872956060000000" Dst="0" />
<file name="Roboto-LightItalic.ttf" server="Y:/Farney/fundamentacion-ambiental/" local="131872956060000000" remote="131872956060000000" Dst="0" />
<file name="Roboto-Bold.eot" server="Y:/Farney/fundamentacion-ambiental/" local="131872956040000000" remote="131872956040000000" Dst="0" />
<file name="Roboto-Bold.woff2" server="Y:/Farney/fundamentacion-ambiental/" local="131872956040000000" remote="131872956040000000" Dst="0" />
<file name="Roboto-Bold.woff" server="Y:/Farney/fundamentacion-ambiental/" local="131872956040000000" remote="131872956040000000" Dst="0" />
<file name="Roboto-Bold.ttf" server="Y:/Farney/fundamentacion-ambiental/" local="131872956040000000" remote="131872956040000000" Dst="0" />
<file name="Roboto-MediumItalic.eot" server="Y:/Farney/fundamentacion-ambiental/" local="131872956080000000" remote="131872956080000000" Dst="0" />
<file name="Roboto-MediumItalic.woff2" server="Y:/Farney/fundamentacion-ambiental/" local="131872956080000000" remote="131872956080000000" Dst="0" />
<file name="Roboto-MediumItalic.woff" server="Y:/Farney/fundamentacion-ambiental/" local="131872956080000000" remote="131872956080000000" Dst="0" />
<file name="Roboto-MediumItalic.ttf" server="Y:/Farney/fundamentacion-ambiental/" local="131872956080000000" remote="131872956080000000" Dst="0" />
<file name="Arroba.eot" server="Y:/Farney/fundamentacion-ambiental/" local="131872956040000000" remote="131872956040000000" Dst="0" />
<file name="Arroba.woff" server="Y:/Farney/fundamentacion-ambiental/" local="131872956040000000" remote="131872956040000000" Dst="0" />
<file name="Arroba.ttf" server="Y:/Farney/fundamentacion-ambiental/" local="131872956040000000" remote="131872956040000000" Dst="0" />
<file name="Gotham-Medium.otf" server="Y:/Farney/fundamentacion-ambiental/" local="131872956040000000" remote="131872956040000000" Dst="0" />
<file name="Gotham-MediumItalic.otf" server="Y:/Farney/fundamentacion-ambiental/" local="131872956040000000" remote="131872956040000000" Dst="0" />
<file name="Gotham-Book.otf" server="Y:/Farney/fundamentacion-ambiental/" local="131872956040000000" remote="131872956040000000" Dst="0" />
<file name="Gotham-Light.otf" server="Y:/Farney/fundamentacion-ambiental/" local="131872956040000000" remote="131872956040000000" Dst="0" />
<file name="Gotham-Ultra.otf" server="Y:/Farney/fundamentacion-ambiental/" local="131872956040000000" remote="131872956040000000" Dst="0" />
</dwsync>