<?xml version="1.0" encoding="utf-8" ?>
<dwsync>
<file name="cc.png" server="//heracles/UnidadVirtual/test/CTS/" local="131872956346692860" remote="131872956340000000" Dst="0" />
<file name="corner.png" server="//heracles/UnidadVirtual/test/CTS/" local="131872956346849896" remote="131872956340000000" Dst="0" />
<file name="ev_bg.png" server="//heracles/UnidadVirtual/test/CTS/" local="131872956347005434" remote="131872956340000000" Dst="0" />
<file name="gaby.png" server="//heracles/UnidadVirtual/test/CTS/" local="131872956347473964" remote="131872956340000000" Dst="0" />
<file name="gaby2.png" server="//heracles/UnidadVirtual/test/CTS/" local="131872956347786556" remote="131872956340000000" Dst="0" />
<file name="gaby3.png" server="//heracles/UnidadVirtual/test/CTS/" local="131872956348099102" remote="131872956340000000" Dst="0" />
<file name="gaby4.png" server="//heracles/UnidadVirtual/test/CTS/" local="131872956348411680" remote="131872956340000000" Dst="0" />
<file name="il_creditos - copia.png" server="//heracles/UnidadVirtual/test/CTS/" local="131872956348567857" remote="131872956340000000" Dst="0" />
<file name="il_creditos.png" server="//heracles/UnidadVirtual/test/CTS/" local="131872956348880304" remote="131872956340000000" Dst="0" />
<file name="il_glosario.png" server="//heracles/UnidadVirtual/test/CTS/" local="131872956349036595" remote="131872956340000000" Dst="0" />
<file name="logo-arroba.png" server="//heracles/UnidadVirtual/test/CTS/" local="131872956349505305" remote="131872956340000000" Dst="0" />
<file name="logos_creditos - copia.png" server="//heracles/UnidadVirtual/test/CTS/" local="131872956349817791" remote="131872956340000000" Dst="0" />
<file name="logos_creditos.png" server="//heracles/UnidadVirtual/test/CTS/" local="131872956349973958" remote="131872956340000000" Dst="0" />
<file name="Thumbs.db" server="//heracles/UnidadVirtual/test/CTS/" local="131872956346536622" remote="131872956340000000" Dst="0" />
</dwsync>